<?xml version='1.0' encoding='UTF-8' standalone='yes'?>
<addon id="script.common.plugin.cache" name="Common plugin cache" provider-name="anxdpanic, TheCollective" version="2.6.0">
    <requires>
        <import addon="xbmc.python" version="2.24.0"/>
    </requires>
    <extension point="xbmc.service" library="resources/lib/entry_point.py" start="startup"/>
    <extension point="xbmc.python.module" library="resources/lib/storage_server/"/>
    <extension point="xbmc.addon.metadata">
        <news>
- Kodi 19 / Python 3 ready
- convert strings.xml to strings.po
- use new language paths ie. ../resource.language.en_gb
- refactor
- housekeeping
- replace icon to resolve transparency issue
        </news>
        <assets>
            <icon>icon.png</icon>
        </assets>
        <platform>all</platform>
        <summary lang="en_GB">A common caching API for Kodi add-ons.</summary>
        <license>GPL-3.0-only</license>
        <source>https://github.com/anxdpanic/script.common.plugin.cache</source>
    </extension>
</addon>
