<?xml version="1.0" encoding="UTF-8"?>
<addon id="context.youtube.download" version="1.1.1" name="YouTube Download Context Menu" provider-name="anxdpanic">
    <requires>
        <import addon="xbmc.python" version="2.24.0"/>
        <import addon="plugin.video.youtube" version="5.4.0"/>
        <import addon="script.module.youtube.dl" version="17.709.0"/>
    </requires>
    <extension point="kodi.context.item">
        <menu id="kodi.core.main">
            <menu>
                <label>30001</label>
                <item library="resources/lib/download_video_bg.py">
                    <label>30002</label>
                    <visible>
                        StringCompare(Container.PluginName,plugin.video.youtube)+!ListItem.IsFolder+!StringCompare(Container.FolderPath,plugin://plugin.video.youtube/special/live/)
                    </visible>
                </item>
                <item library="resources/lib/download_audio_bg.py">
                    <label>30006</label>
                    <visible>
                        StringCompare(Container.PluginName,plugin.video.youtube)+!ListItem.IsFolder+!StringCompare(Container.FolderPath,plugin://plugin.video.youtube/special/live/)
                    </visible>
                </item>
                <item library="resources/lib/download_video_fg.py">
                    <label>30003</label>
                    <visible>
                        StringCompare(Container.PluginName,plugin.video.youtube)+!ListItem.IsFolder+!StringCompare(Container.FolderPath,plugin://plugin.video.youtube/special/live/)
                    </visible>
                </item>
                <item library="resources/lib/download_audio_fg.py">
                    <label>30007</label>
                    <visible>
                        StringCompare(Container.PluginName,plugin.video.youtube)+!ListItem.IsFolder+!StringCompare(Container.FolderPath,plugin://plugin.video.youtube/special/live/)
                    </visible>
                </item>
                <item library="resources/lib/youtube_dl_settings.py">
                    <label>30005</label>
                    <visible>
                        StringCompare(Container.PluginName,plugin.video.youtube)+!ListItem.IsFolder+!StringCompare(Container.FolderPath,plugin://plugin.video.youtube/special/live/)
                    </visible>
                </item>
                <item library="resources/lib/youtube_dl_control.py">
                    <label>30004</label>
                    <visible>
                        StringCompare(Container.PluginName,plugin.video.youtube)+!ListItem.IsFolder+!StringCompare(Container.FolderPath,plugin://plugin.video.youtube/special/live/)
                    </visible>
                </item>
            </menu>
        </menu>
    </extension>
    <extension point="xbmc.addon.metadata">
        <platform>all</platform>
        <summary lang="en">Add Download to YouTube Add-on context menu</summary>
        <description lang="en">Download video(mp4) and audio(m4a) from YouTube using script.module.youtube.dl via context menu in the YouTube Kodi Add-on</description>
        <summary lang="el">Προσθήκη μενού για μεταφόρτωση από πρόσθετο Youtube</summary>
        <description lang="el">Μεταφόρτωση βίντεο (mp4) και ήχου (m4a) από Youtube χρησιμοποιώντας το script.module.youtube.dl μέσω δευτερεύοντος μενού εντός του πρόσθετου Youtube</description>
    </extension>
</addon>
