<?xml version='1.0' encoding='UTF-8' standalone='yes'?>
<addon id='plugin.video.bplex' name='bPlex' version='1.3.1' provider-name='anxdpanic'>
    <requires>
        <import addon='xbmc.python' version='2.24.0'/>
        <import addon='script.module.six' version='1.11.0'/>
        <import addon='script.module.requests' version='2.12.4'/>
        <import addon='script.module.pyxbmct' version='1.2.0'/>
    </requires>
    <extension point='xbmc.python.pluginsource' library='resources/lib/entry_point.py'>
        <provides>video audio image</provides>
    </extension>
    <extension point='xbmc.addon.metadata'>
        <news>
1.3.1
[chg] make errors during logging non-blocking
[rem] removed invalid infoLabel tvshowname

1.3.0
[upd] use threaded head requests to configure best connection address
        </news>
        <assets>
            <icon>icon.png</icon>
        </assets>
        <platform>all</platform>
        <license>GPL-2.0-or-later</license>
        <source>https://github.com/anxdpanic/plugin.video.bplex</source>
        <summary lang='en_GB'>Browse and play video, music and photo media files managed by Plex Media Server. Fork of PleXBMC by Hippojay</summary>
        <description lang='en_GB'>Browse and play video, music and photo media files managed by Plex Media Server. Fork of PleXBMC by Hippojay</description>
        <reuselanguageinvoker>true</reuselanguageinvoker>
    </extension>
</addon>
