<?xml version="1.0" encoding="UTF-8" standalone="yes"?>
<addon id="plugin.video.bplex" name="bPlex" version="1.5.2" provider-name="anxdpanic">
    <requires>
        <import addon="xbmc.python" version="2.24.0"/>
        <import addon="script.module.six" version="1.11.0"/>
        <import addon="script.module.requests" version="2.12.4"/>
        <import addon="script.module.pyxbmct" version="1.2.0"/>
    </requires>
    <extension point="xbmc.python.pluginsource" library="resources/lib/entry_point.py">
        <provides>video audio image</provides>
    </extension>
    <extension point="xbmc.addon.metadata">
        <news>
1.5.2
[add] Description to file and folder items
[chg] Make the server detection notification optional

1.5.1
[upd] Improve playback monitoring and reporting

1.5.0
[add] add 'Cache' settings category and 'Server Cache TTL' setting
[add] add 'Transcode > 8-bit' to 'Playback' settings
[chg] change devicename setting label and default
        </news>
        <assets>
            <icon>icon.png</icon>
        </assets>
        <platform>all</platform>
        <license>GPL-2.0-or-later</license>
        <source>https://github.com/anxdpanic/plugin.video.bplex</source>
        <summary lang="en_GB">Browse and play video, music and photo media files managed by Plex Media Server. Fork of PleXBMC by Hippojay</summary>
        <description lang="en_GB">Browse and play video, music and photo media files managed by Plex Media Server. Fork of PleXBMC by Hippojay</description>
        <disclaimer lang="en_GB">bPlex is NOT an official Plex add-on and is not supported or endorsed by Plex.</disclaimer>
        <reuselanguageinvoker>true</reuselanguageinvoker>
    </extension>
</addon>
