<?xml version="1.0" encoding="UTF-8" standalone="yes"?>
<addon id="plugin.video.playthis"
       name="PlayThis"
       version="2.2.4"
       provider-name="anxdpanic">
    <requires>
        <import addon="xbmc.python" version="2.20.0"/>
        <import addon="script.module.urlresolver" version="3.0.0"/>
    </requires>
    <extension point="xbmc.python.pluginsource" library="resources/lib/__run__.py">
        <provides>video</provides>
    </extension>
    <extension point="xbmc.addon.metadata">
        <summary lang="en">Resolve and play url/file</summary>
        <description lang="en">Will attempt to resolve and play the provided url/file location. Keeps a history of played urls for future use.[CR][CR]Artwork by @konsumer420</description>
        <platform>all</platform>
        <license>GNU GENERAL PUBLIC LICENSE. Version 3, 29 June 2007</license>
    </extension>
    <website>https://github.com/anxdpanic/plugin.video.playthis#playthis</website>
    <source>https://github.com/anxdpanic/plugin.video.playthis</source>
</addon>
