<?xml version="1.0" encoding="UTF-8" standalone="yes"?>
<addon id="plugin.video.composite_for_plex" name="Composite" version="0.3.0" provider-name="anxdpanic">
    <requires>
        <import addon="xbmc.python" version="2.24.0"/>
        <import addon="script.module.kodi-six" version="0.0.2"/>
        <import addon="script.module.six" version="1.11.0"/>
        <import addon="script.module.requests" version="2.12.4"/>
        <import addon="script.module.pyxbmct" version="1.2.0"/>
    </requires>
    <extension point="xbmc.python.pluginsource" library="resources/lib/entry_point.py">
        <provides>video audio image</provides>
        <medialibraryscanpath content="movies">library/movies/</medialibraryscanpath>
        <medialibraryscanpath content="tvshows">library/tvshows/</medialibraryscanpath>
    </extension>
    <extension point="xbmc.service" library="resources/lib/service_entry_point.py" start="login"/>
    <extension point="xbmc.addon.metadata">
        <news>
[add] Kodi 18+ library integration support
    - Movies: add video source - plugin://plugin.video.composite_for_plex/library/movies/
    - TV Shows: add video source - plugin://plugin.video.composite_for_plex/library/tvshows/
    *** https://kodi.wiki/view/Adding_video_sources
    *** Will not have support for most Plex features
[add] Settings - Cache - Data Cache, to enable or disable the use of data caching
[upd] Improve device identification |contrib: Maven85|
[upd] Additional list item information at playback |contrib: Maven85|
[upd] Improve the speed of cache deletion
[upd] refactor items and processing into smaller pieces
[upd] refactor common, constants, and logging
[lang] German (de_DE) |contrib: Maven85|
        </news>
        <assets>
            <icon>resources/media/icon.png</icon>
            <fanart>resources/media/fanart.png</fanart>
        </assets>
        <platform>all</platform>
        <license>GPL-2.0-or-later</license>
        <source>https://github.com/anxdpanic/plugin.video.composite_for_plex</source>
        <description lang="en_GB">Browse and play video, music and photo media files managed by Plex Media Server.[CR][CR]Fork of PleXBMC by Hippojay</description>
        <disclaimer lang="en_GB">Composite is NOT an official Plex add-on and is not supported or endorsed by Plex.</disclaimer>
        <reuselanguageinvoker>true</reuselanguageinvoker>
    </extension>
</addon>
