<?xml version="1.0" encoding="UTF-8" standalone="yes"?>
<addon id="script.trakttokodi.libconn"
       name="TraktToKodi Library Connector"
       version="1.0.2"
       provider-name="anxdpanic">
    <requires>
        <import addon="xbmc.python" version="2.24.0"/>
    </requires>
    <extension point="xbmc.python.pluginsource" library="resources/lib/__run__.py">
        <provides>executable</provides>
    </extension>
    <extension point="xbmc.addon.metadata">
        <news>
- use imdb for movie and tvdb for tv show identification
        </news>
        <assets>
            <icon>icon.png</icon>
            <fanart></fanart>
            <screenshot></screenshot>
        </assets>
        <summary lang="en_gb">Library connector for TraktToKodi browser extension</summary>
        <description lang="en_gb">
TraktToKodi Library Connector connects TraktToKodi (browser extension) to your Kodi library, and will open/play your library content from trakt.tv in your browser.

Required TraktToKodi browser extension available on the Chrome Web Store and Mozilla's AMO Gallery

Artwork by @konsumer420
        </description>
        <language></language>
        <platform>all</platform>
        <license>GNU GENERAL PUBLIC LICENSE. Version 3, 29 June 2007</license>
        <forum></forum>
        <website>https://github.com/anxdpanic/script.trakttokodi.libconn#trakttokodi-library-connector</website>
        <source>https://github.com/anxdpanic/script.trakttokodi.libconn</source>
	</extension>
</addon>
