<?xml version="1.0" encoding="UTF-8" standalone="yes"?>
<addon id="repository.anxdpanic" name="anxdpanic Add-on Repository" version="0.9.8" provider-name="anxdpanic">
    <requires>
        <import addon="xbmc.python" version="2.20.0"/>
    </requires>
	
	<extension point="xbmc.addon.repository" name="anxdpanic Add-on Repository">
        <info compressed="false">https://raw.githubusercontent.com/anxdpanic/_repository/master/addons.xml</info>
        <checksum>https://raw.githubusercontent.com/anxdpanic/_repository/master/addons.xml.md5</checksum>
        <datadir zip="true">https://raw.githubusercontent.com/anxdpanic/_repository/master/zips/</datadir>
	</extension>
	<extension point="xbmc.addon.metadata">
		<summary>Install add-ons from anxdpanic's repository.</summary>
		<description>Install add-ons from anxdpanic's repository.</description>
		<platform>all</platform>
	</extension>
</addon>
